image_name,sync_time,pcd_name
0000.png,1695527261360294457,1695527261347894669.pcd
0001.png,1695527261460380118,1695527261448090792.pcd
0002.png,1695527261560465779,1695527261548273325.pcd
0003.png,1695527261660551440,1695527261648547888.pcd
0004.png,1695527261760637101,1695527261748699903.pcd
0005.png,1695527261860722762,1695527261848905087.pcd
0006.png,1695527261960808423,1695527261949162006.pcd
0007.png,1695527262060894084,1695527262049291134.pcd
0008.png,1695527262160979745,1695527262149490356.pcd
0009.png,1695527262261065406,1695527262249652863.pcd
0010.png,1695527262361151067,1695527262349820614.pcd
0011.png,1695527262461236728,1695527262450171947.pcd
0012.png,1695527262561322389,1695527262550237894.pcd
0013.png,1695527262661408050,1695527262650363922.pcd
0014.png,1695527262761493711,1695527262750584602.pcd
0015.png,1695527262861579372,1695527262850777388.pcd
0016.png,1695527262961665033,1695527262950961113.pcd
0017.png,1695527263061750694,1695527263051157475.pcd
0018.png,1695527263161836355,1695527263151343346.pcd
0019.png,1695527263261922016,1695527263251514673.pcd
0020.png,1695527263362007677,1695527263351716042.pcd
0021.png,1695527263462093338,1695527263451887608.pcd
0022.png,1695527263562178999,1695527263552062035.pcd
0023.png,1695527263662264660,1695527263652222633.pcd
0024.png,1695527263762350321,1695527263752515793.pcd
0025.png,1695527263862435982,1695527263852658987.pcd
0026.png,1695527263962521643,1695527263952898502.pcd
0027.png,1695527264062607304,1695527264053000927.pcd
0028.png,1695527264162692965,1695527264153196812.pcd
0029.png,1695527264262778626,1695527264253380775.pcd
0030.png,1695527264362864287,1695527264353600264.pcd
0031.png,1695527264462949948,1695527264453825235.pcd
0032.png,1695527264563035609,1695527264553969860.pcd
0033.png,1695527264663121270,1695527264654162407.pcd
0034.png,1695527264763206931,1695527264754339695.pcd
0035.png,1695527264863292592,1695527264854543209.pcd
0036.png,1695527264963378253,1695527264954690456.pcd
0037.png,1695527265063463914,1695527265054883480.pcd
0038.png,1695527265163549575,1695527265155069351.pcd
0039.png,1695527265263635236,1695527265255313873.pcd
0040.png,1695527265363720897,1695527265355468750.pcd
0041.png,1695527265463806558,1695527265455688953.pcd
0042.png,1695527265563892219,1695527265555869579.pcd
0043.png,1695527265663977880,1695527265656054497.pcd
0044.png,1695527265764063541,1695527265756253958.pcd
0045.png,1695527265864149202,1695527265856458664.pcd
0046.png,1695527265964234863,1695527265956693649.pcd
0047.png,1695527266064320524,1695527266056883335.pcd
0048.png,1695527266164406185,1695527266157092094.pcd
0049.png,1695527266264491846,1695527266257289171.pcd
0050.png,1695527266364577507,1695527266357450485.pcd
0051.png,1695527266464663168,1695527266457669258.pcd
0052.png,1695527266564748829,1695527266557771683.pcd
0053.png,1695527266664834490,1695527266657930851.pcd
0054.png,1695527266764920151,1695527266758197784.pcd
0055.png,1695527266865005812,1695527266858308792.pcd
0056.png,1695527266965091473,1695527266958537579.pcd
0057.png,1695527267065177134,1695527267058647633.pcd
0058.png,1695527267165262795,1695527267158859968.pcd
0059.png,1695527267265348456,1695527267259048939.pcd
0060.png,1695527267365434117,1695527267359293699.pcd
0061.png,1695527267465519778,1695527267459420919.pcd
0062.png,1695527267565605439,1695527267559673309.pcd
0063.png,1695527267665691100,1695527267659859896.pcd
0064.png,1695527267765776761,1695527267760007858.pcd
0065.png,1695527267865862422,1695527267860198975.pcd
0066.png,1695527267965948083,1695527267960407734.pcd
0067.png,1695527268066033744,1695527268060588837.pcd
0068.png,1695527268166119405,1695527268160815239.pcd
0069.png,1695527268266205066,1695527268260998011.pcd
0070.png,1695527268366290727,1695527268361234188.pcd
0071.png,1695527268466376388,1695527268461356640.pcd
0072.png,1695527268566462049,1695527268561511517.pcd
0073.png,1695527268666547710,1695527268661701202.pcd
0074.png,1695527268766633371,1695527268761920691.pcd
0075.png,1695527268866719032,1695527268862057686.pcd
0076.png,1695527268966804693,1695527268962177753.pcd
0077.png,1695527269066890354,1695527269062519073.pcd
0078.png,1695527269166976015,1695527269162642479.pcd
0079.png,1695527269267061676,1695527269262818098.pcd
0080.png,1695527269367147337,1695527269363030672.pcd
0081.png,1695527269467232998,1695527269463274479.pcd
0082.png,1695527269567318659,1695527269563424349.pcd
0083.png,1695527269667404320,1695527269663654089.pcd
0084.png,1695527269767489981,1695527269763882637.pcd
0085.png,1695527269867575642,1695527269863980293.pcd
0086.png,1695527269967661303,1695527269964257240.pcd
0087.png,1695527270067746964,1695527270064374208.pcd
0088.png,1695527270167832625,1695527270164579391.pcd
0089.png,1695527270267918286,1695527270264805794.pcd
0090.png,1695527270368003947,1695527270364955187.pcd
0091.png,1695527270468089608,1695527270465198040.pcd
0092.png,1695527270568175269,1695527270565372467.pcd
0093.png,1695527270668260930,1695527270665616512.pcd
0094.png,1695527270768346591,1695527270765782356.pcd
0095.png,1695527270868432252,1695527270865904808.pcd
0096.png,1695527270968517913,1695527270966104507.pcd
0097.png,1695527271068603574,1695527271066265583.pcd
0098.png,1695527271168689235,1695527271166469097.pcd
0099.png,1695527271268774896,1695527271266623497.pcd
0100.png,1695527271368860557,1695527271366872787.pcd
0101.png,1695527271468946218,1695527271467055321.pcd
0102.png,1695527271569031879,1695527271567250252.pcd
0103.png,1695527271669117540,1695527271667411089.pcd
0104.png,1695527271769203201,1695527271767590761.pcd
0105.png,1695527271869288862,1695527271867807388.pcd
0106.png,1695527271969374523,1695527271967981339.pcd
0107.png,1695527272069460184,1695527272068120480.pcd
0108.png,1695527272169545845,1695527272168322563.pcd
0109.png,1695527272269631506,1695527272268543243.pcd
0110.png,1695527272369717167,1695527272368779182.pcd
0111.png,1695527272469802828,1695527272469005823.pcd
0112.png,1695527272569888489,1695527272569195747.pcd
0113.png,1695527272669974150,1695527272669354200.pcd
0114.png,1695527272770059811,1695527272769623280.pcd
0115.png,1695527272870145472,1695527272869773388.pcd
0116.png,1695527272970231133,1695527272969862461.pcd
0117.png,1695527273070316794,1695527273070103645.pcd
0118.png,1695527273170402455,1695527273170283079.pcd
0119.png,1695527273270488116,1695527273270425797.pcd
0120.png,1695527273370573777,1695527273370606899.pcd
0121.png,1695527273470659438,1695527273470803261.pcd
0122.png,1695527273570745099,1695527273571046352.pcd
0123.png,1695527273670830760,1695527273671237469.pcd
0124.png,1695527273770916421,1695527273771368980.pcd
0125.png,1695527273871002082,1695527273871570587.pcd
0126.png,1695527273971087743,1695527273971751213.pcd
0127.png,1695527274071173404,1695527274071944237.pcd
0128.png,1695527274171259065,1695527274172136784.pcd
0129.png,1695527274271344726,1695527274272349358.pcd
0130.png,1695527274371430387,1695527274372590542.pcd
0131.png,1695527274471516048,1695527274472668409.pcd
0132.png,1695527274571601709,1695527274572893620.pcd
0133.png,1695527274671687370,1695527274673113823.pcd
0134.png,1695527274771773031,1695527274773274899.pcd
0135.png,1695527274871858692,1695527274873513699.pcd
0136.png,1695527274971944353,1695527274973721027.pcd
0137.png,1695527275072030014,1695527275073908329.pcd
0138.png,1695527275172115675,1695527275174102306.pcd
0139.png,1695527275272201336,1695527275274253130.pcd
0140.png,1695527275372286997,1695527275374417782.pcd
0141.png,1695527275472372658,1695527275474592686.pcd
0142.png,1695527275572458319,1695527275574766159.pcd
0143.png,1695527275672543980,1695527275674977064.pcd
0144.png,1695527275772629641,1695527275775165558.pcd
0145.png,1695527275872715302,1695527275875400066.pcd
0146.png,1695527275972800963,1695527275975555897.pcd
0147.png,1695527276072886624,1695527276075755596.pcd
0148.png,1695527276172972285,1695527276175945759.pcd
0149.png,1695527276273057946,1695527276276156902.pcd
0150.png,1695527276373143607,1695527276376343250.pcd
0151.png,1695527276473229268,1695527276476568937.pcd
0152.png,1695527276573314929,1695527276576738358.pcd
0153.png,1695527276673400590,1695527276676915646.pcd
0154.png,1695527276773486251,1695527276777097225.pcd
0155.png,1695527276873571912,1695527276877323627.pcd
0156.png,1695527276973657573,1695527276977522373.pcd
0157.png,1695527277073743234,1695527277077628613.pcd
0158.png,1695527277173828895,1695527277177803040.pcd
0159.png,1695527277273914556,1695527277278049707.pcd
0160.png,1695527277374000217,1695527277378252029.pcd
0161.png,1695527277474085878,1695527277478440523.pcd
0162.png,1695527277574171539,1695527277578629732.pcd
0163.png,1695527277674257200,1695527277678779364.pcd
0164.png,1695527277774342861,1695527277778957605.pcd
0165.png,1695527277874428522,1695527277879191875.pcd
0166.png,1695527277974514183,1695527277979372978.pcd
0167.png,1695527278074599844,1695527278079535484.pcd
0168.png,1695527278174685505,1695527278179768085.pcd
0169.png,1695527278274771166,1695527278279905081.pcd
0170.png,1695527278374856827,1695527278380105972.pcd
0171.png,1695527278474942488,1695527278480309963.pcd
0172.png,1695527278575028149,1695527278580549479.pcd
0173.png,1695527278675113810,1695527278680689812.pcd
0174.png,1695527278775199471,1695527278780925512.pcd
0175.png,1695527278875285132,1695527278880983829.pcd
0176.png,1695527278975370793,1695527278981276274.pcd
0177.png,1695527279075456454,1695527279081503391.pcd
0178.png,1695527279175542115,1695527279181674242.pcd
0179.png,1695527279275627776,1695527279281782866.pcd
0180.png,1695527279375713437,1695527279382002592.pcd
0181.png,1695527279475799098,1695527279482206345.pcd
0182.png,1695527279575884759,1695527279582395554.pcd
0183.png,1695527279675970420,1695527279682540894.pcd
0184.png,1695527279776056081,1695527279782702446.pcd
0185.png,1695527279876141742,1695527279882925510.pcd
0186.png,1695527279976227403,1695527279983075142.pcd
0187.png,1695527280076313064,1695527280083234310.pcd
0188.png,1695527280176398725,1695527280183399916.pcd
0189.png,1695527280276484386,1695527280283620358.pcd
0190.png,1695527280376570047,1695527280383886576.pcd
0191.png,1695527280476655708,1695527280484055519.pcd
0192.png,1695527280576741369,1695527280584249496.pcd
0193.png,1695527280676827030,1695527280684487343.pcd
0194.png,1695527280776912691,1695527280784687281.pcd
0195.png,1695527280876998352,1695527280884871483.pcd
0196.png,1695527280977084013,1695527280985136747.pcd
0197.png,1695527281077169674,1695527281085253239.pcd
0198.png,1695527281177255335,1695527281185469627.pcd
0199.png,1695527281277340996,1695527281285590887.pcd
0200.png,1695527281377426657,1695527281385743618.pcd
0201.png,1695527281477512318,1695527281485807419.pcd
0202.png,1695527281577597979,1695527281586168289.pcd
0203.png,1695527281677683640,1695527281686320305.pcd
0204.png,1695527281777769301,1695527281786499977.pcd
0205.png,1695527281877854962,1695527281886686802.pcd
0206.png,1695527281977940623,1695527281986878157.pcd
0207.png,1695527282078026284,1695527282087029696.pcd
0208.png,1695527282178111945,1695527282187294245.pcd
0209.png,1695527282278197606,1695527282287500381.pcd
0210.png,1695527282378283267,1695527282387724876.pcd
0211.png,1695527282478368928,1695527282487899780.pcd
0212.png,1695527282578454589,1695527282588016510.pcd
0213.png,1695527282678540250,1695527282688198328.pcd
0214.png,1695527282778625911,1695527282788431883.pcd
0215.png,1695527282878711572,1695527282888653517.pcd
0216.png,1695527282978797233,1695527282988862514.pcd
0217.png,1695527283078882894,1695527283089125156.pcd
0218.png,1695527283178968555,1695527283189190626.pcd
0219.png,1695527283279054216,1695527283289398193.pcd
0220.png,1695527283379139877,1695527283389632702.pcd
0221.png,1695527283479225538,1695527283489793301.pcd
0222.png,1695527283579311199,1695527283589981794.pcd
0223.png,1695527283679396860,1695527283690124512.pcd
0224.png,1695527283779482521,1695527283790289402.pcd
0225.png,1695527283879568182,1695527283890501976.pcd
0226.png,1695527283979653843,1695527283990707397.pcd
0227.png,1695527284079739504,1695527284090874195.pcd
0228.png,1695527284179825165,1695527284191051483.pcd
0229.png,1695527284279910826,1695527284291234970.pcd
0230.png,1695527284379996487,1695527284391425133.pcd
0231.png,1695527284480082148,1695527284491611958.pcd
0232.png,1695527284580167809,1695527284591803074.pcd
0233.png,1695527284680253470,1695527284692076206.pcd
0234.png,1695527284780339131,1695527284792269230.pcd
0235.png,1695527284880424792,1695527284892435074.pcd
0236.png,1695527284980510453,1695527284992627621.pcd
0237.png,1695527285080596114,1695527285092832088.pcd
0238.png,1695527285180681775,1695527285193050385.pcd
0239.png,1695527285280767436,1695527285293249607.pcd
0240.png,1695527285380853097,1695527285393416405.pcd
0241.png,1695527285480938758,1695527285493521214.pcd
0242.png,1695527285581024419,1695527285593669176.pcd
0243.png,1695527285681110080,1695527285693892002.pcd
0244.png,1695527285781195741,1695527285794099808.pcd
0245.png,1695527285881281402,1695527285894274712.pcd
0246.png,1695527285981367063,1695527285994469643.pcd
0247.png,1695527286081452724,1695527286094674587.pcd
0248.png,1695527286181538385,1695527286194833755.pcd
0249.png,1695527286281624046,1695527286295033932.pcd
0250.png,1695527286381709707,1695527286395226002.pcd
0251.png,1695527286481795368,1695527286495433092.pcd
0252.png,1695527286581881029,1695527286595661163.pcd
0253.png,1695527286681966690,1695527286695912361.pcd
0254.png,1695527286782052351,1695527286795987129.pcd
0255.png,1695527286882138012,1695527286896241426.pcd
0256.png,1695527286982223673,1695527286996408701.pcd
0257.png,1695527287082309334,1695527287096590519.pcd
0258.png,1695527287182394995,1695527287196816206.pcd
0259.png,1695527287282480656,1695527287297018051.pcd
0260.png,1695527287382566317,1695527287397235632.pcd
0261.png,1695527287482651978,1695527287497427702.pcd
0262.png,1695527287582737639,1695527287597557545.pcd
0263.png,1695527287682823300,1695527287697783947.pcd
0264.png,1695527287782908961,1695527287797944069.pcd
0265.png,1695527287882994622,1695527287898121119.pcd
0266.png,1695527287983080283,1695527287998315334.pcd
0267.png,1695527288083165944,1695527288098470688.pcd
0268.png,1695527288183251605,1695527288198689461.pcd
0269.png,1695527288283337266,1695527288298885107.pcd
